{
    "Alignment" : null,
    "Point" : null,
    "actors" : [
        {
            "Alignment" : [ 0, 0 ],
            "Alpha" : 1.0,
            "Angle" : 0.0,
            "Colour" : 4294967295,
            "Flip" : 0,
            "Position" : [ 0.0, 0.0 ],
            "Scale" : [ 0.1000000014901161, 0.1000000014901161 ],
            "Shown" : false,
            "sprite" : "FlareEffect.json",
            "type" : 2,
            "uid" : 1
         }
    ],
    "customvariables" : null,
    "events" : null, 
    "labels" : null,
    "stageOptions" : {
       "SpriteInfo" : [
         {
            "SpriteInfo" : "FlareEffect.json",
            "Texture" : "InGame"
         }
       ],
       "StageLength" : 20.0,
       "Version" : 1
    },
    "timelines" : [
      {
         "spriteuid" : 1,
         "stage" : [
            {
               "Alignment" : [ 0, 0 ],
               "Alpha" : 1.0,
               "Angle" : 0.0,
               "Colour" : 4294967295,
               "Flip" : 0,
               "Position" : [ 0.0, 0.0 ],
               "Scale" : [ 0.1000000014901161, 0.1000000014901161 ],
               "Shown" : false,
               "Time" : 0.0
            },
            {
               "Alignment" : [ 0, 0 ],
               "Alpha" : 1.0,
               "Angle" : 0.0,
               "Colour" : 4294967295,
               "Flip" : 0,
               "Position" : [ 0.0, 0.0 ],
               "Scale" : [ 0.1000000014901161, 0.1000000014901161 ],
               "Shown" : true,
               "Time" : 0.7482993006706238
            },
            {
               "Alignment" : [ 0, 0 ],
               "Alpha" : 1.0,
               "Angle" : 0.0,
               "Colour" : 4294967295,
               "Flip" : 0,
               "Position" : [ 0.0, 0.0 ],
               "Scale" : [ 1.0, 1.0 ],
               "Shown" : true,
               "Time" : 0.9931972622871399
            },
            {
               "Alignment" : [ 0, 0 ],
               "Alpha" : 0.0,
               "Angle" : 0.0,
               "Colour" : 16777215,
               "Flip" : 0,
               "Position" : [ 0.0, 0.0 ],
               "Scale" : [ 1.100000023841858, 1.100000023841858 ],
               "Shown" : true,
               "Time" : 1.102040767669678
            }
         ]
      }
    ]
 }
 